{"accuracy": [0.1599999964237213, 0.2199999988079071, 0.2199999988079071, 0.23999999463558197, 0.2800000011920929, 0.36000001430511475, 0.23999999463558197, 0.3799999952316284, 0.3799999952316284, 0.5600000023841858, 0.36000001430511475, 0.4399999976158142, 0.4399999976158142, 0.6399999856948853, 0.6399999856948853, 0.6800000071525574, 0.800000011920929, 0.6800000071525574, 0.7599999904632568, 0.7200000286102295, 0.800000011920929, 0.7799999713897705, 0.8600000143051147, 0.800000011920929, 0.8999999761581421, 0.8799999952316284, 0.9399999976158142, 0.8399999737739563, 0.9800000190734863, 0.9599999785423279], "loss": [2.0435221195220947, 1.81453275680542, 1.8046976327896118, 1.6596449613571167, 1.652127981185913, 1.5384416580200195, 1.5249677896499634, 1.4699578285217285, 1.506319522857666, 1.4014592170715332, 1.4701555967330933, 1.3781979084014893, 1.3287897109985352, 1.2287254333496094, 1.148462176322937, 1.1197538375854492, 1.0618853569030762, 1.0251275300979614, 0.9525077939033508, 0.90829998254776, 0.7323693633079529, 0.617774248123169, 0.5758652687072754, 0.616662323474884, 0.45334798097610474, 0.3944239616394043, 0.35708001255989075, 0.3483108878135681, 0.21259142458438873, 0.17705971002578735], "val_accuracy": [0.23404255509376526, 0.25531914830207825, 0.23404255509376526, 0.40425533056259155, 0.3191489279270172, 0.27659574151039124, 0.5531914830207825, 0.7234042286872864, 0.5957446694374084, 0.5957446694374084, 0.7021276354789734, 0.7872340679168701, 0.7659574747085571, 0.8085106611251831, 0.8297872543334961, 0.8723404407501221, 0.8510638475418091, 0.8723404407501221, 0.8723404407501221, 0.8723404407501221, 0.8936170339584351, 0.8936170339584351, 0.936170220375061, 0.957446813583374, 0.8936170339584351, 0.957446813583374, 0.978723406791687, 0.978723406791687, 0.978723406791687, 0.978723406791687], "val_loss": [1.9743510484695435, 1.5781598091125488, 1.53874933719635, 1.4837008714675903, 1.4832508563995361, 1.4920542240142822, 1.4517078399658203, 1.417801856994629, 1.4100581407546997, 1.3592782020568848, 1.319617509841919, 1.2636319398880005, 1.2603991031646729, 1.2054929733276367, 1.115969181060791, 1.0089476108551025, 0.8840786814689636, 0.8428382277488708, 0.7096762657165527, 0.6333991289138794, 0.5075995922088623, 0.5156018733978271, 0.3471081852912903, 0.3209329843521118, 0.40554332733154297, 0.2556125223636627, 0.1731579601764679, 0.13909122347831726, 0.20380361378192902, 0.10434813797473907]}