{"accuracy": [0.2549019753932953, 0.1568627506494522, 0.23529411852359772, 0.21568627655506134, 0.13725490868091583, 0.21568627655506134, 0.29411765933036804, 0.29411765933036804, 0.5098039507865906, 0.3529411852359772], "loss": [2.9899234771728516, 2.608543872833252, 1.757955551147461, 1.7298896312713623, 1.6405068635940552, 1.5553499460220337, 1.5619614124298096, 1.5814467668533325, 1.4266420602798462, 1.421990156173706], "val_accuracy": [0.3199999928474426, 0.25999999046325684, 0.2800000011920929, 0.4399999976158142, 0.3199999928474426, 0.41999998688697815, 0.4000000059604645, 0.5, 0.4399999976158142, 0.46000000834465027], "val_loss": [2.3176896572113037, 1.5306134223937988, 1.5557419061660767, 1.477431058883667, 1.5008289813995361, 1.4919028282165527, 1.460641622543335, 1.4331738948822021, 1.434061050415039, 1.3692994117736816]}