{"accuracy": [0.1568627506494522, 0.1764705926179886, 0.21568627655506134, 0.2549019753932953, 0.3137255012989044, 0.23529411852359772, 0.27450981736183167, 0.4117647111415863, 0.3921568691730499, 0.37254902720451355], "loss": [6.620515823364258, 3.3275184631347656, 2.1529455184936523, 1.8454558849334717, 1.5441086292266846, 1.6925055980682373, 1.621886968612671, 1.4968786239624023, 1.5064116716384888, 1.499826431274414], "val_accuracy": [0.2199999988079071, 0.2199999988079071, 0.2199999988079071, 0.2199999988079071, 0.23999999463558197, 0.3400000035762787, 0.41999998688697815, 0.41999998688697815, 0.5400000214576721, 0.5199999809265137], "val_loss": [3.187349557876587, 2.026744842529297, 1.6077637672424316, 1.6441586017608643, 1.564021110534668, 1.519331932067871, 1.4898828268051147, 1.4447828531265259, 1.424323320388794, 1.3806183338165283]}