{"accuracy": [0.29411765933036804, 0.21568627655506134, 0.3333333432674408, 0.23529411852359772, 0.19607843458652496, 0.37254902720451355, 0.3529411852359772, 0.29411765933036804, 0.3137255012989044, 0.29411765933036804], "loss": [2.8272368907928467, 2.744218349456787, 1.6171026229858398, 1.6757210493087769, 1.6619126796722412, 1.5597299337387085, 1.5683255195617676, 1.5086312294006348, 1.4719643592834473, 1.5051097869873047], "val_accuracy": [0.21568627655506134, 0.23529411852359772, 0.21568627655506134, 0.21568627655506134, 0.45098039507865906, 0.5098039507865906, 0.3921568691730499, 0.45098039507865906, 0.5686274766921997, 0.7254902124404907], "val_loss": [2.667290210723877, 1.662146806716919, 1.6227285861968994, 1.514510989189148, 1.4908894300460815, 1.4959332942962646, 1.4839894771575928, 1.4808847904205322, 1.4399003982543945, 1.4282057285308838]}